id,email,password
100001,100001@gmail.com,daLx2RMFOf
100002,100002@gmail.com,6Nqwc9IMVx
100003,100003@gmail.com,qisIatEMfj
100004,100004@gmail.com,2brEQ59LTa
100005,100005@gmail.com,suqKT36e5j
100006,100006@gmail.com,vldIZlyE1R
100007,100007@gmail.com,F42XWvwEoj
100008,100008@gmail.com,PZluVfQFUd
100009,100009@gmail.com,bN85xYHbE8
100010,100010@gmail.com,Mifc8uHBf1
100011,100011@gmail.com,co2HirzeZg
100012,100012@gmail.com,LiwIhSIgI6
100013,100013@gmail.com,UJtUWWq7j2
100014,100014@gmail.com,nWQml6vOw7
100015,100015@gmail.com,hPS2lDLzl1
100016,100016@gmail.com,LDxc2RzWSk
100017,100017@gmail.com,Xj0qatKLh0
100018,100018@gmail.com,jT8ca8fAZE
100019,100019@gmail.com,4HPVq0JwrL
100020,100020@gmail.com,T5qUr4WDsV
100021,100021@gmail.com,6BTvmEl8Ra
100022,100022@gmail.com,Mwlerb8eAg
100023,100023@gmail.com,ojyUlx4wna
100024,100024@gmail.com,7mMZOtgVtb
100025,100025@gmail.com,xnIVZgTwLU
100026,100026@gmail.com,H2fRXgcjnW
100027,100027@gmail.com,KFY1LaPBq8
100028,100028@gmail.com,Kr1XTkPd2a
100029,100029@gmail.com,SC7ET83JPH
100030,100030@gmail.com,OnmPZuiVFu
100031,100031@gmail.com,ipJc8mm7sy
100032,100032@gmail.com,O1x0HYFORY
100033,100033@gmail.com,JNAZIXMc8u
100034,100034@gmail.com,U3olyT5dV9
100035,100035@gmail.com,xPkE2hGbiX
100036,100036@gmail.com,r73eWakkwy
100037,100037@gmail.com,7O9ivbYfSR
100038,100038@gmail.com,5EJPKL4dIz
100039,100039@gmail.com,W6xPKkq0Ik
100040,100040@gmail.com,6o283HMTdS
100041,100041@gmail.com,991RH3ghtO
100042,100042@gmail.com,w8k679ptjY
100043,100043@gmail.com,PkYWiRM2Zc
100044,100044@gmail.com,Ix56W6od6E
100045,100045@gmail.com,YXdAe81YhA
100046,100046@gmail.com,0ikI2KFYCs
100047,100047@gmail.com,iKDtm35QuE
100048,100048@gmail.com,RP5MGqsvyH
100049,100049@gmail.com,Pxe7TtjdoX
100050,100050@gmail.com,2WmzrgTVOJ
100051,100051@gmail.com,mloTuSeuv1
100052,100052@gmail.com,Tn6YSrWum9
100053,100053@gmail.com,DV7tw72lHK
100054,100054@gmail.com,sPJniy567h
100055,100055@gmail.com,qOaKN1Jt6U
100056,100056@gmail.com,Gz1gUmMoTA
100057,100057@gmail.com,myKwo3VlFa
100058,100058@gmail.com,ukBNU2oWyg
100059,100059@gmail.com,fcwYHcOlhV
100060,100060@gmail.com,IMtDA9vEcI
100061,100061@gmail.com,cXhlIau1uN
100062,100062@gmail.com,HiDSCaknLc
100063,100063@gmail.com,13cq8OXkY1
100064,100064@gmail.com,c4hIuQqbYs
100065,100065@gmail.com,jH3IyuhRKq
100066,100066@gmail.com,2qTK45oaiH
100067,100067@gmail.com,QLr2H0Uv0e
100068,100068@gmail.com,7Bhrm1ERzI
100069,100069@gmail.com,6pu0a0OFsQ
100070,100070@gmail.com,gbIiRyQFHi
100071,100071@gmail.com,NehMqXv4DR
100072,100072@gmail.com,LCUhXl8saN
100073,100073@gmail.com,6HfT6iGyE2
100074,100074@gmail.com,GqUOOvkc1h
100075,100075@gmail.com,BRjXN7Kfpu
100076,100076@gmail.com,8uhkqmBoKU
100077,100077@gmail.com,G8Sq8wfSO5
100078,100078@gmail.com,sjBGuAaeDp
100079,100079@gmail.com,IbNEB39zPX
100080,100080@gmail.com,SzMQzxGkau
100081,100081@gmail.com,O6M7Hi06dn
100082,100082@gmail.com,zj4zQN9fId
100083,100083@gmail.com,jygbOWxXW8
100084,100084@gmail.com,J5hEi1QQJO
100085,100085@gmail.com,M1eOYpHPCO
100086,100086@gmail.com,bz50q6pdxE
100087,100087@gmail.com,d1LAdxmOhS
100088,100088@gmail.com,YFdMCsI3vh
100089,100089@gmail.com,7wxYbxbIUu
100090,100090@gmail.com,mMJPX7ezn5
100091,100091@gmail.com,dwLKi2eP8E
100092,100092@gmail.com,R829w4mK2V
100093,100093@gmail.com,yH9Ejl6Zvi
100094,100094@gmail.com,pAv339S0Ed
100095,100095@gmail.com,xYbk7VlF52
100096,100096@gmail.com,kPv8gqkQKf
100097,100097@gmail.com,AICaUBZWj9
100098,100098@gmail.com,EUuVk4Eplg
100099,100099@gmail.com,GFXDpQpwqV
100100,100100@gmail.com,eAX0x7ej2L