user_id,partner_id
100058,100097
100052,100011
100051,100080
100068,100077
100042,100003
100004,100054
100009,100035
100034,100044
100031,100093
100038,100073
100009,100062
100091,100002
100084,100064
100006,100050
100097,100099
100052,100082
100047,100074
100098,100035
100100,100052
100029,100054
100038,100072
100095,100040
100060,100077
100059,100070
100085,100099
100027,100066
100018,100030
100051,100031
100084,100097
100025,100012
100078,100089
100048,100076
100030,100093
100031,100023
100036,100090
100076,100077
100033,100020
100046,100045
100015,100039
100036,100040
100088,100054
100094,100018
100090,100060
100083,100056
100071,100040
100051,100069
100084,100039
100026,100013
100047,100053
100013,100091
100012,100051
100097,100095
100043,100071
100050,100068
100002,100003
100056,100021
100017,100038
100040,100074
100016,100090
100016,100011
100033,100054
100017,100005
100085,100030
100017,100058
100071,100014
100066,100022
100054,100007
100084,100062
100006,100064
100053,100019
100076,100069
100063,100066
100044,100097
100077,100037
100078,100006
100035,100052
100027,100090
100060,100083
100069,100073
100034,100046
100062,100095
100040,100062
100057,100086
100042,100023
100098,100066
100003,100017
100097,100077
100054,100029
100009,100079
100007,100098
100031,100063
100082,100087
100015,100021
100008,100012
100040,100042
100071,100033
100009,100017
100080,100093
100025,100064
100063,100084