id,interest1,interest2,interest3
100001,anime,food,game
100002,art,travel,music
100003,anime,food,music
100004,anime,movie,game
100005,anime,game,science
100006,music,exercise,travel
100007,exercise,travel,nature
100008,food,animal,cooking
100009,game,movie,music
100010,art,psychology,TV show
100011,design,movie,adventure
100012,anime,food,technology
100013,reading,anime,game
100014,anime,art,DIY
100015,art,psychology,cooking
100016,music,anime,technology
100017,cosplay,game,DIY
100018,movie,animal,food
100019,music,animal,writing
100020,culture,music,exercise
100021,cooking,shopping,cosplay
100022,game,reading,writing
100023,culture,DIY,TV show
100024,art,game,DIY
100025,cooking,workout,psychology
100026,cosplay,music,DIY
100027,programming,game,technology
100028,design,DIY,movie
100029,cooking,travel,animal
100030,history,culture,philosophy
100031,dancing,novel,car
100032,drawing,design,movie
100033,programming,photography,philosophy
100034,anime,technology,programming
100035,design,science,art
100036,culture,food,animal
100037,nature,art,novel
100038,adventure,nature,food
100039,philosophy,politics,game
100040,science,travel,DIY
100041,art,politics,reading
100042,novel,writing,movie
100043,technology,programming,health
100044,photography,cooking,reading
100045,technology,writing,drawing
100046,movie,game,novel
100047,DIY,movie,drawing
100048,food,music,TV show
100049,anime,design,game
100050,art,cooking,magic
100051,history,science,dancing
100052,travel,workout,movie
100053,movie,music,history
100054,art,reading,psychology
100055,cooking,technology,travel
100056,food,family,movie
100057,health,news,animal
100058,art,cosmetics,movie
100059,aviation,technology,programming
100060,health,music,DIY
100061,fashion,music,movie
100062,culture,programming,food
100063,anime,history,movie
100064,anime,fashion,shopping
100065,dancing,cooking,music
100066,novel,movie,music
100067,DIY,anime,philosophy
100068,cooking,design,animal
100069,programming,DIY,health
100070,adventure,DIY,exercise
100071,anime,psychology,design
100072,cooking,health,exercise
100073,anime,food,adventure
100074,magic,adventure,novel
100075,psychology,philosophy,writing
100076,DIY,food,travel
100077,movie,music,animal
100078,food,adventure,art
100079,art,adventure,car
100080,reading,exercise,psychology
100081,history,food,movie
100082,exercise,novel,music
100083,adventure,design,DIY
100084,art,cooking,reading
100085,psychology,DIY,history
100086,novel,anime,reading
100087,magic,music,movie
100088,cooking,movie,animal
100089,novel,food,anime
100090,psychology,design,music
100091,car,music,food
100092,art,car,DIY
100093,movie,music,art
100094,cooking,DIY,animal
100095,food,anime,cooking
100096,dancing,music,movie
100097,reading,animal,novel
100098,reading,music,anime
100099,movie,music,novel
100100,novel,food,psychology