id,language1,language2,language3
100001,Chinese,null,null
100002,English,Zulu,French
100003,Chinese,null,null
100004,Hindi,English,Japanese
100005,Urdu,English,Japanese
100006,Hindi,English,Russian
100007,Chinese,English,null
100008,Italian,English,null
100009,Spanish,null,null
100010,Korean,English,null
100011,English,German,French
100012,Bengali,English,Polish
100013,Spanish,English,null
100014,Japanese,English,Italian
100015,Thai,Japanese,English
100016,Chinese,English,null
100017,Turkish,English,Russian
100018,Chinese,null,null
100019,English,German,null
100020,Chinese,English,Korean
100021,Chinese,Japanese,English
100022,English,null,null
100023,Chinese,English,Japanese
100024,Spanish,English,null
100025,English,Swahili,null
100026,English,Urdu,French
100027,English,Gaelic,French
100028,Turkish,Bulgarian,English
100029,Kazakh,Chinese,Russian
100030,Cantonese,English,Chinese
100031,Egyptian Arabic,English,French
100032,Russian,English,Ukrainian
100033,Russian,English,Spanish
100034,Danish,English,Japanese
100035,English,Portuguese,null
100036,Chinese,English,null
100037,Polish,English,Spanish
100038,Persian,English,null
100039,English,Russian,Hungarian
100040,Polish,German,null
100041,Turkish,English,Uzbek
100042,Spanish,null,null
100043,Spanish,English,null
100044,French,German,null
100045,Spanish,English,null
100046,English,Chinese,null
100047,English,null,null
100048,Hindi,Bengali,English
100049,Japanese,English,null
100050,English,null,null
100051,Afrikaans,English,Spanish
100052,Chinese,English,null
100053,Chinese,English,Japanese
100054,English,Nepali,Urdu 
100055,Greek,English,Ancient Greek
100056,German,null,null
100057,Italian,English,French
100058,Chinese,English,null
100059,English,null,null
100060,German,English,null
100061,Hindi,English,null
100062,Polish,English,German
100063,Cantonese,Chinese,null
100064,Portuguese,Spanish,Italian
100065,French,English,null
100066,English,Russian,null
100067,French,null,null
100068,Farsi,English,Spanish
100069,Chinese,English,Japanese
100070,English,Gaelic,null
100071,Spanish,English,null
100072,English,Tamil,null
100073,Russian,null,null
100074,Russian,Ukrainian,null
100075,Chinese,null,null
100076,Japanese,Italian,Danish
100077,Vietnamese,English,null
100078,Chinese,English,Japanese
100079,English,Italian,Portuguese
100080,Romanian,English,null
100081,Chinese,null,null
100082,Italian,English,Spanish
100083,Russian,null,null
100084,English,Hindi,Japanese
100085,Chinese,null,null
100086,Russian,English,French
100087,German,English,Japanese
100088,Vietnamese,English,null
100089,Chinese,English,French
100090,Thai,English,Japanese
100091,English,null,null
100092,Russian,Ukrainian,English
100093,Spanish,English,Japanese
100094,Chinese,English,Japanese
100095,Portuguese,English,Chinese
100096,Turkish,English,null
100097,Lithuanian,English,French
100098,Russian,null,null
100099,Hindi,English,Japanese
100100,Portuguese,English,Spanish