sender_id,receiver_id,content,timestamp
100001,100048,Let's meet tomorrow.,2025-09-06 07:10:00
100039,100009,See you later.,2025-10-23 21:15:47
100003,100047,Let's meet tomorrow.,2025-11-21 04:32:26
100088,100089,Can you call me?,2025-02-12 20:24:33
100034,100022,Good morning!,2025-11-08 00:56:09
100037,100081,Happy birthday!,2025-06-30 00:33:30
100006,100018,Can you call me?,2025-05-09 07:20:17
100055,100003,Can you call me?,2025-04-18 04:05:14
100040,100074,Let's meet tomorrow.,2025-04-06 04:54:42
100006,100043,See you later.,2025-01-27 22:14:50
100012,100029,Good morning!,2025-08-06 15:34:40
100030,100085,Let's meet tomorrow.,2025-12-30 01:21:46
100006,100085,Thank you!,2025-02-17 21:04:25
100075,100099,Thank you!,2025-11-16 20:30:39
100017,100003,I will send it soon.,2025-11-19 14:11:53
100028,100041,How are you?,2025-11-26 03:45:49
100031,100057,See you later.,2025-04-29 04:08:27
100025,100014,Congratulations!,2025-05-06 10:19:15
100091,100063,I will send it soon.,2025-10-23 19:59:17
100042,100009,See you later.,2025-04-24 07:38:31
100034,100064,See you later.,2025-03-16 23:05:12
100030,100036,I will send it soon.,2025-05-23 17:05:08
100070,100061,How are you?,2025-06-28 19:32:52
100041,100025,Let's meet tomorrow.,2025-05-14 15:35:28
100087,100073,See you later.,2025-08-13 04:14:24
100077,100030,Thank you!,2025-09-29 18:11:47
100032,100040,Let's meet tomorrow.,2025-05-28 16:56:42
100061,100053,Can you call me?,2025-07-09 00:13:13
100026,100013,Congratulations!,2025-12-18 01:54:26
100081,100079,Good morning!,2025-09-11 23:09:30
100022,100041,Happy birthday!,2025-04-02 07:05:21
100006,100052,See you later.,2025-05-17 07:43:45
100032,100100,Hello!,2025-04-23 00:51:40
100060,100063,I will send it soon.,2025-01-15 23:35:15
100092,100069,I will send it soon.,2025-03-31 00:59:17
100040,100067,I will send it soon.,2025-10-15 18:52:02
100028,100016,I will send it soon.,2025-12-23 09:05:37
100008,100038,Good morning!,2025-08-13 16:40:37
100094,100026,See you later.,2025-12-12 05:30:57
100032,100053,Happy birthday!,2025-06-02 13:53:19
100003,100040,How are you?,2025-02-19 01:23:09
100016,100070,How are you?,2025-01-31 12:12:39
100062,100095,Congratulations!,2025-01-21 02:20:09
100052,100091,Let's meet tomorrow.,2025-10-24 15:05:40
100055,100022,Can you call me?,2025-06-26 21:08:20
100079,100015,Let's meet tomorrow.,2025-01-07 00:21:37
100065,100047,Good morning!,2025-06-15 22:51:26
100021,100012,Happy birthday!,2025-02-23 05:00:43
100074,100069,Let's meet tomorrow.,2025-11-20 00:53:34
100069,100088,Congratulations!,2025-02-08 10:43:55
100078,100046,See you later.,2025-11-07 04:21:45
100084,100045,I will send it soon.,2025-03-08 19:36:01
100085,100098,Happy birthday!,2025-03-03 18:33:11
100079,100041,How are you?,2025-03-14 01:53:01
100077,100014,Can you call me?,2025-07-06 06:08:28
100021,100094,I will send it soon.,2025-03-25 19:33:02
100034,100076,Can you call me?,2025-11-03 22:25:44
100023,100001,Congratulations!,2025-04-29 02:07:16
100099,100041,Congratulations!,2025-06-19 05:06:05
100026,100053,Good morning!,2025-03-31 09:51:50
100001,100085,Let's meet tomorrow.,2025-01-10 03:52:20
100089,100031,Good morning!,2025-07-26 10:34:02
100094,100062,How are you?,2025-12-13 10:47:21
100096,100073,Happy birthday!,2025-07-19 00:08:25
100042,100044,How are you?,2025-03-29 19:30:28
100018,100072,Good morning!,2025-04-23 14:54:58
100006,100090,Congratulations!,2025-02-26 14:24:43
100100,100038,How are you?,2025-01-12 03:42:04
100060,100079,Happy birthday!,2025-08-03 19:20:05
100013,100078,Let's meet tomorrow.,2025-11-09 10:57:48
100067,100041,Congratulations!,2025-08-14 20:49:32
100030,100077,Hello!,2025-01-04 13:27:16
100022,100031,Good morning!,2025-01-26 22:42:58
100078,100072,Can you call me?,2025-11-02 19:22:40
100070,100031,Can you call me?,2025-08-16 05:51:02
100091,100060,Thank you!,2025-07-15 00:14:55
100084,100002,Hello!,2025-01-09 04:52:37
100043,100023,How are you?,2025-09-18 11:35:39
100065,100020,Hello!,2025-05-08 18:15:21
100084,100032,Congratulations!,2025-12-15 04:23:06
100031,100030,Can you call me?,2025-07-11 11:15:18
100067,100038,Let's meet tomorrow.,2025-01-13 13:54:17
100054,100001,Happy birthday!,2025-06-04 09:46:32
100008,100073,Congratulations!,2025-01-09 22:20:11
100099,100003,Thank you!,2025-07-01 08:36:02
100024,100004,How are you?,2025-08-16 21:59:59
100090,100047,Thank you!,2025-07-02 23:36:58
100004,100026,Let's meet tomorrow.,2025-07-01 21:48:25
100008,100033,Good morning!,2025-08-29 17:54:26
100061,100030,How are you?,2025-05-06 02:15:08
100041,100014,Thank you!,2025-10-19 22:10:25
100060,100006,Hello!,2025-03-18 03:39:18
100096,100046,I will send it soon.,2025-08-21 09:07:14
100018,100059,Can you call me?,2025-10-29 08:27:46
100055,100016,How are you?,2025-10-18 04:05:51
100078,100032,Hello!,2025-12-31 21:49:36
100085,100054,I will send it soon.,2025-06-14 09:01:53
100021,100035,Hello!,2025-01-12 11:23:57
100087,100028,Let's meet tomorrow.,2025-11-30 00:50:08
100074,100096,Congratulations!,2025-08-30 13:48:34