id,name,age,gender,country,reply_time
100001,MMalone,24,F,China,in 1 week
100002,Carrie-82,43,F,South Africa,in 1 week
100003,Yu. Ning. Zhou.,20,F,Taiwan,in 1 week
100004,karu_77,18,M,India,not sure
100005,Flamee,27,M,Pakistan,not sure
100006,peacedlove,27,M,India,in 1 day
100007,FFSteve,41,M,Taiwan,not sure
100008,Manu-39,36,M,Italy,not sure
100009,SamyARG,32,F,Argentina,not sure
100010,ralomi,28,F,South Korea,not sure
100011,Elizabeth-21,33,F,Nigeria,in 1 day
100012,Owallid,22,M,Bangladesh,in 1 week
100013,Komyushou.,24,M,Peru,in 1 day
100014,BJ_JP,29,F,Japan,not sure
100015,Rei.rxi,27,F,Thailand,not sure
100016,LuckySeven,41,M,Taiwan,in 1 week
100017,promovic771,21,M,Turkey,in 1 day
100018,Del-2002,23,M,Singapore,in 1 week
100019,Lang90,35,M,Gambia,not sure
100020,venus 1030,28,F,Malaysia,in 1 day
100021,Eimi - CN,24,F,China,in 1 day
100022,Jei - PH,26,F,Philippines,in 1 day
100023,NooneNights,37,F,Australia,not sure
100024,Lucybell,17,F,Mexico,in 1 day
100025,garibout,24,M,Kenya,not sure
100026,xaasxa,23,M,Pakistan,in 1 week
100027,LiamM._IE,24,M,Ireland,in 2 weeks
100028,NoNameYet06,19,M,Bulgaria,not sure
100029,Cloooover,26,F,Kazakhstan,in 1 day
100030,Vevo_,30,F,Canada,in 1 month
100031,masd asah,24,F,Egypt,in 1 month
100032,Kath_kS,21,F,Ukraine,not sure
100033,TonyaOff,34,F,Russia,in 1 week
100034,Thomas.H,33,M,Denmark,not sure
100035,rhsmelo,31,M,Brazil,in 1 week
100036,Kayliez,38,F,Malaysia,in 2 weeks
100037,Alschira,26,F,Poland,not sure
100038,mobinaw,29,F,Iran,not sure
100039,Momus,31,M,Hungary,not sure
100040,FeliksKrystian,22,M,Germany,in 1 day
100041,Noleah,21,M,Turkey,in 1 day
100042,Sebco,25,M,Chile,in 1 day
100043,premoh,49,M,Spain,not sure
100044,Claire MI,23,F,France,in 2 weeks
100045,indiagomar23,28,F,Colombia,in 1 week
100046,MochiShow,33,M,USA,not sure
100047,Cesar Inn,45,M,Mexico,not sure
100048,Dekuken,31,M,UK,in 1 day
100049,SALT_JP,34,F,Japan,in 1 week
100050,starubi,53,F,Philippines,not sure
100051,BrendaF_AU,32,F,Australia,not sure
100052,nikichen,41,M,Taiwan,in 1 day
100053,san94,31,M,HK,in 1 day
100054,Raskolnikovx84,25,M,Iceland,in 2 weeks
100055,Dumitra9,25,F,Greece,not sure
100056,Sabine77,48,M,Switzerland,not sure
100057,Danny70,55,M,Italy,not sure
100058,Daisyhayi,26,F,China,not sure
100059,AlnilamMintaka,20,F,Bangladesh,not sure
100060,Karlo75,50,M,Austria,in 1 day
100061,Manu25__,21,M,India,not sure
100062,piotrf230,24,M,Poland,in 1 week
100063,ching025,20,F,HK,not sure
100064,Cah-25,21,F,Brazil,in 1 day
100065,hasnae alexa,24,F,Morocco,not sure
100066,fenomeno9,37,M,Georgia,not sure
100067,ZeD-626,33,M,France,in 1 week
100068,Rob.bagio,38,M,Iran,in 1 day
100069,117vlem,35,M,Macao,not sure
100070,Zion-1996,28,M,Ireland,not sure
100071,Anita2691,32,F,Ecuador,in 1 day
100072,8 billionth batman,18,F,Sri Lanka,not sure
100073,sunshine riptide,32,F,Kazakhstan,in 1 week
100074,Small.Asterisk,24,F,Belarus,in 1 week
100075,chilli pupil,18,F,China,in 1 day
100076,az ortensia,60,F,Japan,in 1 month
100077,Krsxsea,23,F,Vietnam,not sure
100078,LunaPoisson,44,M,Taiwan,in 1 day
100079,Hasnain46,23,M,Pakistan,in 1 day
100080,Navigator,28,M,Romania,in 1 day
100081,HeWind,32,M,Indonesia,in 1 month
100082,Federic91,34,M,Italy,in 1 day
100083,SofiS007,60,F,Russia,not sure
100084,LightningBugs,45,M,UK,in 1 day
100085,Junbei,47,M,Taiwan,in 2 weeks
100086,Mydok_RU,45,M,Russia,in 1 day
100087,Rosiv,45,M,Germany,in 1 day
100088,Navery,27,F,Vietnam,in 1 week
100089,813_05,20,F,Taiwan,not sure
100090,Giffzy,33,F,Thailand,not sure
100091,Karson,20,M,USA,not sure
100092,DmDmDm,38,M,Ukraine,not sure
100093,nicohr,36,M,Chile,in 1 day
100094,R-TER,36,M,Taiwan,in 1 day
100095,b_lack,17,F,Brazil,in 1 day
100096,grd.cngzhnnna,26,M,Turkey,not sure
100097,Brukne,48,F,Lithuania,in 1 week
100098,YuK1TeRa,25,M,Israel,in 1 day
100099,Chandler_bong,24,M,India,in 1 day
100100,Tim_Moriarty,25,M,Brazil,in 1 week